{"cameraMode":{"drawMode":0,"name":"Shaded","section":"Shading Mode"},"sceneLighting":true,"audioPlay":false,"sceneViewState":{"m_AlwaysRefresh":false,"showFog":true,"showSkybox":true,"showFlares":true,"showImageEffects":true,"showParticleSystems":true,"showVisualEffectGraphs":true,"m_FxEnabled":true},"in2DMode":false,"pivot":{"x":3.5231432914733888,"y":0.7967259883880615,"z":16.37512969970703},"rotation":{"x":-0.05842706933617592,"y":-0.4302806556224823,"z":-0.027919920161366464,"w":0.9003794193267822},"size":0.9850603938102722,"orthographic":false}